pps_mean,pps,pps_var,bps,cpu_idle,rssi_mean,rssi_var,label
0.013395,184,0.000128,48448,50.67,-75.5,220.03,1
0.010179,141,0.000197,35299,30.1,-77.4,158.06,1
0.012526,98,0.000104,22273,25.28,-73.9,271.63,1
0.009013,159,0.000091,72948,30.03,-77.6,265.34,1
0.007461,195,0.000054,54525,30.5,-75.2,190.45,1
0.010475,136,0.00013,34537,29.58,-72.2,180.42,1
0.008702,141,0.000078,32689,25.78,-73.5,180.99,1
0.007735,185,0.00007,40253,30.12,-76.1,197.89,1
0.011518,143,0.000093,34706,34.13,-77.4,196.54,1
0.011565,124,0.000182,29522,29.64,-76.6,210.42,1
0.00866,141,0.000076,35652,25.58,-73.7,188.98,1
0.012837,128,0.000119,28200,33.92,-77.9,192.36,1
0.012516,98,0.000103,24870,25.37,-76.7,178.96,1
0.01393,104,0.000177,23817,29.7,-74.1,255.9,1
0.010798,170,0.000107,42327,38.07,-70.9,272.02,1
0.014271,87,0.000135,23104,25.36,-72.7,209.64,1
0.01483,83,0.000109,20591,25.24,-71.4,254.75,1
0.015537,93,0.000134,23803,29.55,-73.3,245.53,1
0.017079,84,0.000238,18732,29.41,-76.1,208.19,1
0.015588,92,0.000134,22072,29.35,-72.4,205.17,1
0.016981,85,0.000164,21892,29.42,-71,250.16,1
0.016432,100,0.000138,26395,33.64,-75.6,225.43,1
0.016916,73,0.00027,15808,25.2,-72.5,265.1,1
0.013213,124,0.000126,28730,33.65,-73.8,272.62,1
0.010653,135,0.000132,34267,29.88,-73.2,214.99,1
0.011812,122,0.000113,29148,29.58,-73.9,211.61,1
0.013842,104,0.000115,24973,29.6,-73.8,256.69,1
0.011837,156,0.000153,36783,38.39,-76.2,202.12,1
0.0109,150,0.000114,40100,33.87,-75.9,182.97,1
0.014048,117,0.000149,27653,33.69,-72.6,306.62,1
0.017176,72,0.000315,19130,25.14,-73.7,214.11,1
0.012958,95,0.000106,22933,25.26,-74.9,261.31,1
0.011473,143,0.00011,33360,34.04,-77.9,194.89,1
0.008492,145,0.000082,33143,25.87,-75.7,221.29,1
0.011902,121,0.000103,27505,29.85,-78,209.44,1
0.009884,207,0.000141,53496,42.75,-77.6,170.91,1
0.009027,136,0.000081,31131,25.63,-75.1,264.56,1
0.01046,137,0.000119,32237,29.63,-75.9,242.09,1
0.009356,155,0.000109,40009,30.17,-75.5,175.38,1
0.008765,140,0.000091,33697,25.54,-76.6,169.65,1
0.006553,187,0.000067,43142,26.08,-76.9,199.43,1
0.014858,83,0.000157,18439,25.18,-72.1,278.53,1
0.015718,92,0.000117,23495,29.53,-74,246.29,1
0.012249,102,0.000235,26956,25.68,-75.4,228.15,1
0.013883,102,0.000218,22870,29.07,-74.7,265.79,1
0.010319,159,0.000109,40457,34.08,-74.8,176.33,1
0.011622,106,0.000148,26576,25.35,-74.7,243.06,1
0.009004,182,0.000094,45594,34.32,-74.2,235.54,1
0.007103,172,0.000079,42738,25.9,-76.7,194.7,1
0.011879,138,0.000102,34128,33.93,-77.5,255.6,1
0.008896,184,0.000089,44027,34.26,-78.4,216.49,1
0.01139,109,0.000255,25152,25.66,-76.9,245.69,1
0.01531,120,0.000205,28767,37.73,-74.4,243.44,1
0.007576,189,0.000085,42341,30.16,-76.1,202.86,1
0.016331,76,0.000208,16877,25.27,-71.9,281.53,1
0.012307,100,0.000219,20815,25.39,-68.7,379.48,1
0.012934,111,0.00015,26324,29.58,-75.6,178.62,1
0.016671,112,0.000189,25823,38.87,-76.5,154.66,1
0.017813,81,0.000232,19216,29.9,-74.5,156.37,1
0.016087,77,0.000345,17137,25.84,-73.7,223.1,1
0.011845,138,0.000167,31826,33.94,-70.7,239.45,1
0.013259,93,0.000158,21172,25.16,-71.3,325.13,1
0.015153,82,0.000212,18359,25.64,-72.9,281.09,1
0.014161,87,0.000147,22181,25.31,-74.4,210.02,1
0.014809,125,0.000169,27846,39.26,-73.9,298.88,1
0.008489,168,0.000116,39395,30.36,-72.6,197.93,1
0.008676,141,0.000079,29696,25.89,-79.3,189.9,1
0.009655,148,0.000132,36253,29.88,-75,146,1
0.01193,123,0.000134,30437,30.53,-77.1,165.06,1
0.01148,122,0.000169,26088,29.22,-75.1,166.43,1
0.012071,136,0.000138,33101,34.07,-73.1,162.55,1
0.010934,169,0.000119,38007,38.32,-74.8,263.92,1
0.008828,186,0.000079,37869,34.63,-72.6,231.49,1
0.000692,3108,0.000004,290385,45.71,-61.9,26.54,1
0.000634,10115,0.000004,936651,134.5,-63,31.09,1
0.00029,43634,0.000001,3945784,143.29,-62.2,18.19,1
0.000293,17158,0.000001,1577210,64.77,-61.1,21.1,1
0.000307,28526,0.000001,2627740,119.06,-63.1,12.01,1
0.000445,11298,0.000002,1042770,83.61,-62.3,40.35,1
0.000328,24861,0.000001,2255821,88.73,-63.2,30.78,1
0.000349,24588,0.000001,2340771,102.77,-61.5,46.81,1
0.000291,25016,0.000001,2253901,76.15,-62.7,24.04,1
0.000294,30413,0.000001,2781547,96.19,-62.6,30.14,1
0.000353,26794,0.000001,2438846,101.15,-63.3,43.31,1
0.000251,20080,0.000001,1792540,57.19,-64.2,13.25,1
0.000229,22164,0.000001,1962992,65.38,-64.2,5.82,1
0.000231,21724,0.000001,1925209,62.46,-63.4,7.2,1
0.00025,20106,0.000001,1775301,54.74,-62.4,24.37,1
0.000255,19686,0.000001,1754398,58.96,-64,20.87,1
0.000215,23397,0.000001,2078715,57.65,-64,15.32,1
0.000197,25478,0,2251168,54.69,-63.4,4.67,1
0.00023,21826,0.000001,1943798,60.23,-63.8,4.41,1
0.000255,19779,0.000001,1785450,60.35,-63,8.12,1
0.000236,37263,0.000001,3362684,109.3,-63.4,5.1,1
0.000236,21400,0.000001,1920294,62.54,-63.2,5.65,1
0.000231,52198,0.000001,4634479,144.48,-64.6,8.09,1
0.00026,46366,0.000001,4130263,157,-64.9,10.79,1
0.000319,37758,0.000001,3401974,192.11,-66.4,15.01,1
0.000326,21866,0.000001,1991690,129.43,-65.3,7.65,1
0.000312,21553,0.000001,1966043,109.51,-65,7.19,1
0.000335,20146,0.000002,1858233,111.92,-66.6,12.5,1
0.000292,19374,0.000001,1735673,89.41,-65.5,6.38,1
0.000224,33894,0.000001,3004228,90.61,-64.8,5.38,1
0.000206,24318,0,2147201,54.71,-64.6,3.1,1
0.000213,23522,0.000001,2074553,58.16,-63.9,4.15,1
0.000199,25295,0.000001,2230059,54.51,-63.9,2.81,1
0.00024,21208,0.000001,1882600,58.94,-63.2,12.79,1
0.00024,20997,0.000001,1855142,54.02,-63.5,12.07,1
0.000412,13612,0.000001,1308685,64.63,-60.5,22.76,1
0.001393,900,0.000036,106818,25.27,-61.5,28.92,1
0.012005,120,0.000149,25901,29.64,-70.4,203.83,1
0.002607,400,0.000006,50982,25.94,-65.4,73.39,1
0.002572,509,0.000007,76019,32.55,-66.9,72.17,1
0.003197,341,0.000009,42611,26.88,-64.8,66.78,1
0.003659,314,0.000026,43438,26.84,-65.2,99.07,1
0.002976,369,0.000009,47221,27.28,-64.6,78.98,1
0.002877,809,0.000007,103598,57.03,-64.4,61.48,1
0.002927,355,0.000009,45272,24.9,-65.1,76.61,1
0.002658,544,0.000006,63213,35.73,-63.9,54.9,1
0.003338,327,0.000013,38368,26.64,-65.4,56.68,1
0.003144,937,0.00001,116181,71.72,-64.5,51.25,1
0.00373,272,0.000014,33553,24.39,-63.5,37.41,1
0.004269,310,0.000034,44090,30.98,-65.9,89.52,1
0.004739,288,0.000061,39182,31.13,-66.5,129.33,1
0.012253,100,0.000239,17025,25.21,-73.7,229.43,1
0.010062,163,0.000174,36841,34.5,-72.7,159.02,1
0.017691,70,0.000508,13639,25.34,-69.6,153.1,1
0.016148,76,0.000429,13856,25.2,-68.3,255.86,1
0.01741,83,0.000379,15103,29.48,-71.1,220.37,1
0.002879,357,0.000008,45492,25.06,-65.2,83.26,1
0.002938,372,0.000008,48237,26.88,-66.2,81.83,1
0.003209,611,0.000009,71349,46.61,-62.3,59.49,1
0.002899,403,0.00001,46833,27.99,-62.9,93.1,1
0.004959,261,0.00006,34921,29.42,-65.8,90.74,1
0.013171,94,0.000301,17228,25.42,-73.4,209.87,1
0.009992,123,0.000166,24149,25.49,-74,211.85,1
0.010937,117,0.000163,23199,26.71,-76.9,204.65,1
0.01095,108,0.000157,21974,24.38,-75.7,218.12,1
0.008036,184,0.000131,28614,32.09,-68.4,147.31,1
0.004411,339,0.00005,48219,34.96,-67.7,130.78,1
0.002924,391,0.000011,47588,28.21,-64.4,80.01,1
0.003141,323,0.000011,40173,25.08,-65.1,64.88,1
0.002765,956,0.000008,122700,65.49,-64.7,81.36,1
0.016325,126,0.000266,30318,42.35,-78.9,197.58,1
0.011359,108,0.000111,21735,25.58,-77.4,198.47,1
0.005513,248,0.000045,42888,30.78,-74.1,202.78,1
0.003691,723,0.000032,99998,63.72,-66,124.95,1
0.006085,220,0.00012,31619,29.34,-65.6,138.2,1
0.002856,400,0.000006,51484,27.34,-64.9,92.84,1
0.002682,377,0.000006,46951,25.18,-64.2,87.78,1
0.003221,374,0.000009,47254,29.27,-64,81.56,1
0.003045,509,0.000009,67456,38.29,-66.1,82.25,1
0.00779,233,0.000167,35956,38.97,-68.6,141.27,1
0.012556,164,0.000204,36088,42.78,-75.2,191.26,1
0.00336,516,0.000032,70295,41.02,-64.8,110,1
0.002665,382,0.000006,50064,24.62,-64.8,110.96,1
0.006723,189,0.000132,27568,27.42,-66.3,143.34,1
0.003195,358,0.000011,51284,27.23,-66.5,125.93,1
0.003006,544,0.00001,67963,39.71,-64.3,76.44,1
0.002882,372,0.000009,47449,25.95,-64.1,78.98,1
0.002227,551,0.000003,65919,30.78,-63.7,69.91,1
0.009465,186,0.000208,35462,37.51,-70.5,177.03,1
0.014207,87,0.000197,18030,25.18,-74.5,206.04,1
0.013831,90,0.000159,19562,25.62,-71.7,244.22,1
0.004504,317,0.00004,48738,32.12,-66.5,170.92,1
0.003388,307,0.000019,39481,24.51,-62.9,100.08,1
0.005671,241,0.000101,42807,29.84,-68.1,273.1,1
0.003124,388,0.000012,50629,28.53,-65.6,139.78,1
0.003646,278,0.000013,33989,23.77,-62.2,90.22,1
0.003858,335,0.000016,42121,30.21,-62.7,88.92,1
0.003545,336,0.000017,42258,27.46,-63.7,123.98,1
0.004278,279,0.000026,37979,27.66,-65.7,99.22,1
0.00362,306,0.000016,38927,26.13,-66.1,65.39,1
0.00349,326,0.000013,39826,26.43,-64.5,84.07,1
0.003334,626,0.000014,86685,50.17,-67.5,85.65,1
0.004074,268,0.000021,33570,24.45,-61.8,97.04,1
0.004217,247,0.000046,30875,23.66,-61.2,126.26,1
0.008979,157,0.00028,19528,30.95,-64,183.8,1
0.00611,196,0.000135,22847,26.23,-62.2,186.24,1
0.009277,199,0.000259,27837,39.52,-63.7,314.07,1
0.008603,635,0.000187,95649,119.07,-67.7,208.89,1
0.008934,424,0.000189,78262,80.3,-72.6,289.71,1
0.007804,789,0.000141,115910,134.67,-69.1,189.75,1
0.005731,975,0.00007,159582,124.88,-69.8,235.21,1
0.007392,915,0.000139,146713,147.91,-68.7,198.1,1
0.006389,190,0.000136,24651,26.41,-64.7,124.27,1
0.004266,305,0.000053,36752,30.26,-67.8,179.63,1
0.003991,310,0.000047,44716,28.14,-64.8,117.03,1
0.007217,177,0.000099,33506,27,-72.4,202.06,1
0.012182,98,0.000289,17849,25.42,-70.6,195.53,1
0.011805,121,0.000261,22798,30.57,-72.1,207.7,1
0.005541,263,0.000122,39361,32.5,-67.7,158.13,1
0.007454,188,0.000169,27389,29.81,-67.9,213.4,1
0.006693,184,0.000118,29042,27.54,-68.4,150.96,1
0.010458,118,0.000199,23497,25.76,-69.5,234.45,1
0.010554,121,0.00023,24175,27.07,-72.9,249.43,1
0.006455,216,0.000142,30684,29.74,-66.4,275.67,1
0.006927,190,0.000175,27539,28.56,-67.5,167.73,1
0.012023,113,0.000234,21447,28.1,-73,189.84,1
0.004621,270,0.000066,32814,28.45,-64.6,156.99,1
0.009507,127,0.000213,22239,25.35,-69.9,197.53,1
0.007621,174,0.000152,23683,28.5,-65.2,166.28,1
0.013707,98,0.000316,16091,28.78,-67.9,239.34,1
0.008638,143,0.000182,28519,26.11,-68,306.2,1
0.008442,144,0.000144,25568,25.82,-68.5,281.79,1
0.009146,157,0.000182,27184,29.92,-67.1,305.45,1
0.011653,124,0.000206,26676,29.88,-77,187.61,1
0.004815,259,0.000115,37112,25.7,-68.3,154.95,1
0.000292,19194,0.000001,1717673,59.25,-63.4,16.03,1
0.00035,22994,0.000001,2096606,86.71,-60.7,28.55,1
0.000396,12674,0.000001,1160252,50.94,-59.8,35.67,1
0.000392,12855,0.000001,1170985,54.71,-59.2,22.45,1
0.000371,23938,0.000001,2180986,92.03,-59.7,18.86,1
0.000394,20205,0.000001,1829373,85.99,-59.9,20.3,1
0.000362,13956,0.000001,1256714,53.67,-60.1,20.36,1
0.000398,12613,0.000001,1142675,51.88,-60,22.66,1
0.000374,24246,0.000001,2195561,95.01,-60.3,21.51,1
0.000391,21433,0.000001,1948602,87.05,-60.3,24.14,1
0.000415,23718,0.000002,2139640,112.7,-60.4,25.31,1
0.000437,17043,0.000001,1535263,83.52,-60.2,24.99,1
0.000417,19767,0.000001,1796924,91.29,-60.4,3171.7,1
0.000409,37189,0.000001,3355235,166.31,-60.4,25.73,1
0.000391,23356,0.000001,2120409,97.91,-60.4,29.04,1
0.000407,20978,0.000001,1906512,93.08,-60.5,29.08,1
0.000401,22147,0.000001,2025749,96,-60.4,31.77,1
0.000395,37183,0.000001,3385782,159.6,-60.5,31.2,1
0.000404,12424,0.000001,1128760,54.44,-60.4,29.37,1
0.000387,12962,0.000002,1187806,55.43,-60.8,31.53,1
0.000393,22465,0.000001,2028465,98.3,-60.4,26.5,1
0.000378,13299,0.000001,1204807,52.27,-60.6,28.38,1
0.000377,18903,0.000001,1708583,76.17,-60.5,27.49,1
0.00037,20694,0.000001,1888906,81.8,-60.9,30.57,1
0.000389,12956,0.000002,1169077,53.74,-60.1,24.41,1
0.000401,20484,0.000001,1842900,92.01,-60,23.96,1
0.000379,33492,0.000001,3035795,138.22,-60.4,27.11,1
0.000383,24892,0.000001,2263661,101.69,-59.8,29.97,1
0.000423,21736,0.000001,1969183,101.95,-60.8,25.25,1
0.000412,12260,0.000001,1121861,53.03,-60.3,31.45,1
0.000443,11350,0.000001,1065944,55.91,-60.5,55.6,1
0.00035,14446,0.000002,1357808,55.28,-60.7,47.98,1
0.000352,14348,0.000001,1311671,53.97,-56.5,33.14,1
0.00031,26076,0.000001,2370548,87.85,-53.3,15.42,1
0.000284,17670,0.000001,1586923,52.11,-54.7,7.62,1
0.000315,27589,0.000002,2512246,96.96,-54.7,12.91,1
0.000362,22210,0.000001,2059969,87.84,-59.6,65.32,1
0.000543,15239,0.000002,1465630,98.75,-55.2,61.48,1
0.000529,14053,0.000002,1370173,84.47,-54.7,39.13,1
0.008443,147,0.000103,37549,25.74,-76.3,265.12,1
0.01218,116,0.000247,25798,29.43,-74.7,228.91,1
0.003588,282,0.000011,41243,23.7,-61.2,219.96,1
0.003934,256,0.000013,35141,23.48,-61.6,201.08,1
0.003471,312,0.000013,40314,25.09,-59,167.92,1
0.003136,397,0.00001,49887,29.09,-61.2,157.34,1
0.003264,353,0.000008,45180,27.14,-61.7,158.73,1
0.013711,92,0.000249,19284,25.78,-74.8,239.16,1
0.011373,112,0.000192,24306,26.43,-73.8,256.33,1
0.007369,217,0.000106,38668,34.35,-68.1,263.84,1
0.004468,303,0.000048,45561,30.33,-64.9,211.96,1
0.003541,310,0.000049,36759,25.35,-60.7,128.18,1
0.005859,244,0.000073,37039,31.22,-65.3,247,1
0.007406,195,0.000104,42513,30.56,-75.2,252.03,1
0.011387,109,0.000212,24938,25.56,-77.5,227.61,1
0.008599,167,0.000126,36815,30.09,-77.2,214.02,1
0.003837,337,0.000045,45111,30.86,-61.9,163.15,1
0.002781,415,0.000007,55759,27.41,-63.6,172.74,1
0.002859,445,0.000007,54920,30.85,-62.3,143.26,1
0.002639,474,0.000006,62536,29.92,-63.1,183.42,1
0.002886,457,0.000006,55571,32.02,-62,150.84,1
0.007138,240,0.000106,39524,36.55,-63.9,261.33,1
0.005,264,0.000036,36084,29.08,-65,202.61,1
0.005502,240,0.000081,45006,28.55,-71.5,241.18,1
0.009745,126,0.000177,27687,25.56,-75.8,249.4,1
0.011945,103,0.000229,21509,25.33,-70.7,345.69,1
0.004083,292,0.000085,43348,26.92,-66.3,216.26,1
0.0033,333,0.000013,41013,25.67,-61,144.99,1
0.003165,339,0.00001,45911,25.02,-64.1,156.39,1
0.002815,409,0.000007,52999,27.61,-62.4,172.05,1
0.002853,350,0.000007,43562,23.74,-60.7,148.85,1
0.003765,295,0.000057,41045,25.21,-62.9,185.35,1
0.0135,87,0.000293,18746,24.22,-71.9,278.13,1
0.009899,124,0.000105,26004,25.44,-75.2,286.49,1
0.011693,108,0.000131,23118,25.97,-74.5,279.64,1
0.008489,142,0.000112,34036,25.07,-78.1,202.03,1
0.008451,146,0.000117,32737,25.86,-74.2,264.73,1
0.00746,183,0.000143,26554,29.2,-64.9,237.4,1
0.003107,374,0.000007,49204,27.4,-61.3,170.39,1
0.002834,451,0.000007,55159,30.72,-62.2,149.39,1
0.002707,370,0.000008,46166,23.88,-61.3,152.46,1
0.002881,361,0.000007,46513,24.67,-62.2,156.84,1
0.005815,192,0.0001,29110,24.18,-64.9,217.16,1
0.010932,113,0.00021,24979,25.6,-73.7,228.95,1
0.00933,132,0.000129,30701,25.55,-75.4,181.16,1
0.005302,246,0.000047,39789,28.79,-64.7,217.98,1
0.002923,383,0.000007,47928,26.95,-60.9,147.2,1
0.003959,266,0.000047,33064,24.11,-60.9,137.95,1
0.00946,153,0.000144,32912,30.17,-72.9,258.14,1
0.002831,518,0.000008,74224,35.24,-64.4,167.33,1
0.002617,488,0.000006,60094,30.91,-61.6,139.75,1
0.002783,418,0.000006,52955,28.2,-61.6,138.49,1
0.003863,273,0.000044,36397,24.32,-63.5,201.97,1
0.004414,331,0.000037,46281,32.73,-63.2,178.52,1
0.002975,377,0.000008,48497,26.25,-62.5,156.54,1
0.003252,356,0.00001,47794,27.51,-62.9,176.46,1
0.002937,341,0.000006,43549,23.45,-61.9,149.76,1
0.002987,340,0.000009,45597,24.02,-62.5,163.28,1
0.002796,528,0.000007,61677,35.41,-61.9,151.86,1
0.002843,394,0.000007,53981,26.71,-62.9,168.59,1
0.002958,395,0.000009,50910,27.8,-62.3,154.36,1
0.003577,371,0.000049,49532,30.8,-62.2,170.36,1
0.004465,270,0.000054,42396,26.63,-64.7,305,1
0.002747,462,0.000006,62367,30.45,-62.6,190.16,1
0.00276,363,0.000007,48849,23.98,-62.6,201.91,1
0.002993,468,0.000008,61175,33.28,-61.3,175.06,1
0.009406,154,0.000202,30944,30.28,-69.2,272.26,1
0.012872,128,0.000211,29878,34.01,-75.8,213.54,1
0.007288,187,0.000096,32718,29.25,-68.4,297.46,1
0.003274,352,0.00001,47263,27.15,-63.2,181.08,1
0.002839,462,0.000008,62704,31.38,-63.1,174.4,1
0.00275,406,0.000007,56983,26.37,-63.5,180.28,1
0.00252,397,0.000005,52555,24.01,-63.5,165.7,1
0.002626,381,0.000005,47994,24.04,-61.4,137.68,1
0.004786,303,0.00006,52659,32.09,-67.9,234.92,1
0.009582,129,0.000147,30717,25.65,-76.7,198.38,1
0.009742,126,0.000151,27767,25.47,-71.8,397.34,1
0.0125,99,0.000188,21287,25.31,-74.2,263.86,1
0.007801,158,0.000098,39254,25.93,-77,188.61,1
0.006885,176,0.000124,24479,26.13,-58.9,181.99,1
0.003392,341,0.000008,44859,27.3,-60.1,164.4,1
0.002865,489,0.000007,70315,33.34,-64.1,193.53,1
0.005187,223,0.000055,37695,25.23,-68,227.02,1
0.010207,140,0.000205,29915,29.73,-71.4,267.15,1
0.002668,391,0.000004,53320,25.12,-59.9,194.85,1
0.003085,340,0.00001,51910,24.56,-63.1,259,1
0.002928,478,0.000008,62811,33.23,-63,179.48,1
0.00616,198,0.000079,38986,26.16,-70.9,254.92,1
0.012761,97,0.000264,19221,25.23,-72.8,279.66,1
0.007814,158,0.000104,36858,26.12,-76.1,213.23,1
0.008119,175,0.000096,39433,29.96,-75.6,244.97,1
0.002687,482,0.000006,69807,31,-63.8,182.94,1
0.002852,394,0.000006,51987,27.34,-61.9,160.48,1
0.005472,232,0.000066,37080,27.73,-65.9,243.92,1
0.008871,161,0.000093,35257,29.83,-75.3,261.63,1
0.002939,439,0.000007,56541,31.94,-62.4,173.88,1
0.002527,424,0.000005,55014,26.14,-62.2,175.11,1
0.002667,397,0.000006,52918,25.25,-62.9,163.7,1
0.00371,292,0.000049,38551,24.81,-62.4,144.12,1
0.002738,408,0.000006,56655,26.59,-63.3,176.61,1
0.003038,331,0.000009,42031,24.03,-61.8,154.79,1
0.002427,412,0.000003,53006,24.02,-61.9,147.23,1
0.002485,432,0.000002,60138,25.55,-60.3,3985.13,1
0.017745,81,0.000395,18250,30.06,-74.9,193.68,0
0.02693,62,0.000583,15790,35.34,-76.3,111.09,0
0.018441,100,0.000546,22471,39.14,-75.7,126.14,0
0.021394,68,0.000411,18228,29.97,-78.9,128.47,0
0.016915,75,0.000392,17270,26.61,-74.5,130.65,0
0.017956,78,0.000421,19392,28.92,-79.2,120.84,0
0.015638,79,0.000236,20306,26.4,-77.6,136.29,0
0.013574,91,0.000265,23356,26.07,-77.7,163.12,0
0.011606,126,0.000264,29294,30.51,-81.8,143.46,0
0.024553,60,0.000544,16067,30.63,-74.9,200.52,0
0.015749,75,0.000228,23378,24.32,-77.5,174.7,0
0.014883,83,0.000262,19725,26.3,-78.5,181.98,0
0.017945,70,0.000303,20022,26.3,-77.2,167.67,0
0.012734,99,0.000219,26107,27.66,-82,97.91,0
0.024075,58,0.000491,14438,28.8,-75.8,122.96,0
0.0181,68,0.000325,17630,26.07,-76.6,166.63,0
0.006558,285,0.000159,81653,39.37,-65.7,292.41,0
0.015402,238,0.00033,73171,76.39,-76.4,96.92,0
0.011618,335,0.000224,97806,81.41,-76.8,139.62,0
0.016924,182,0.000349,40811,64.41,-72,218.36,0
0.016455,174,0.000484,39395,58.68,-75,191.9,0
0.009901,124,0.000195,24244,25.76,-75.5,204.73,0
0.018147,91,0.0003,21702,34.85,-75.5,219.79,0
0.017639,93,0.000367,22429,34.39,-76.2,190.37,0
0.021542,67,0.000341,17246,29.52,-77,187.57,0
0.017343,95,0.000307,19046,34.36,-69.7,300.81,0
0.016385,89,0.000288,20065,30.04,-75.3,208.66,0
0.018779,65,0.000455,16407,26.6,-77.3,182.42,0
0.015578,92,0.000374,22238,31.15,-78.2,125.05,0
0.021368,77,0.000409,19808,33.54,-73.6,194.92,0
0.009127,134,0.000133,36167,27.21,-80.7,118.7,0
0.019872,73,0.000473,17701,29.88,-77.5,168.19,0
0.01756,96,0.000319,21407,36.11,-73.4,221.66,0
0.024163,67,0.000413,14085,33.3,-74.9,201.51,0
0.02593,111,0.000524,39463,59.06,-75.4,175.46,0
0.021361,116,0.000438,28746,51.73,-78.2,121.45,0
0.016481,89,0.000287,21438,30.48,-78.4,141.79,0
0.024351,53,0.000534,11635,26.67,-75.5,170.7,0
0.013717,130,0.000369,30867,38.1,-75.5,276.93,0
0.015471,106,0.000281,23805,33.87,-76,239.26,0
0.008924,138,0.000112,26631,26.35,-75.6,311.62,0
0.008595,172,0.000147,38659,31.16,-78.8,240.42,0
0.009156,129,0.000103,28968,24.79,-80.8,203.7,0
0.018165,68,0.000267,14936,26.12,-76.4,262.63,0
0.015341,81,0.00031,16706,25.25,-70.3,399.51,0
0.013923,92,0.00023,22531,26.38,-78,208.02,0
0.018931,63,0.000503,13541,24.45,-72.7,295.18,0
0.013943,103,0.000201,25210,30.07,-76.4,247.08,0
0.017106,183,0.000333,42627,64,-77.1,213.77,0
0.019326,104,0.000396,20954,42.32,-75,275.58,0
0.019591,75,0.000438,19831,30.25,-76.8,147.71,0
0.017233,83,0.000422,19845,29.74,-76.5,169.48,0
0.023657,78,0.000602,17039,37.69,-75.7,204.04,0
0.016534,124,0.00036,25449,42.97,-74.6,283.47,0
0.019552,161,0.000429,45658,64.2,-74,242.25,0
0.016623,108,0.000241,23461,37,-77,212.56,0
0.022069,56,0.000318,13400,25.96,-74.1,215.01,0
0.010936,132,0.000196,30583,30.75,-78.3,165.13,0
0.017586,84,0.000355,19449,30.87,-75.3,235.5,0
0.014139,114,0.000286,28758,33.58,-77.6,202.52,0
0.019882,84,0.000345,16578,33.79,-72,277.99,0
0.010351,117,0.000275,24853,25.84,-72.1,337.72,0
0.019876,93,0.000393,19482,38.27,-71.3,288.11,0
0.019225,107,0.000342,25542,43.26,-75,231.49,0
0.015056,82,0.000295,17768,26.84,-74.8,162.21,0
0.017336,95,0.000389,20527,34.42,-68.9,283.81,0
0.007712,185,0.000153,44700,31.2,-77.2,218.97,0
0.018284,182,0.00033,44565,68.96,-76.1,162.84,0
0.015138,133,0.000341,31480,43.75,-78.4,130.7,0
0.014854,124,0.000262,27425,40.25,-74.8,240.04,0
0.014375,100,0.000274,25248,30.58,-78.5,104.59,0
0.019008,76,0.000423,20336,30.25,-77.3,140.67,0
0.018685,143,0.000405,38126,55.1,-79.4,119.32,0
0.015615,262,0.000363,70541,83.99,-76.9,168.67,0
0.017654,117,0.000368,30358,42.75,-79.6,94.06,0
0.015793,408,0.000289,106248,133.87,-80.2,115.81,0
0.013649,249,0.000247,62388,70.76,-80.3,89.18,0
0.016877,98,0.000329,25574,36.12,-76.4,149.77,0
0.015925,132,0.000284,30988,44.05,-78.3,157.03,0
0.02038,78,0.000319,20109,32.93,-74,158.92,0
0.008806,163,0.00014,38297,30.75,-77.8,117.93,0
0.012892,114,0.000202,26868,30.9,-79.7,86.66,0
0.010983,203,0.000205,48879,47.84,-79.6,64.05,0
0.011196,185,0.000175,47273,45.65,-78.5,71.65,0
0.016081,90,0.000263,22148,30.91,-78.1,110.36,0
0.014075,100,0.000244,21259,29.66,-74.7,188.49,0
0.018283,90,0.000285,20607,36.1,-73.3,141.94,0
0.015996,103,0.00025,25506,34.36,-77.5,119.03,0
0.017182,84,0.000251,21106,29.79,-76.6,109.82,0
0.018295,135,0.000377,35405,51.67,-78.2,124.75,0
0.011141,149,0.000228,36969,34.95,-73.6,81.53,0
0.014561,210,0.000256,48292,64.97,-78.4,128.54,0
0.012373,199,0.000216,46817,51.43,-77.9,123.26,0
0.00601,212,0.00009,51366,27.97,-72.8,166.36,0
0.01423,102,0.000307,25469,30,-74.7,160.02,0
0.014475,96,0.000215,21957,28.77,-73.3,223.6,0
0.017843,70,0.000285,18514,25.97,-73.8,161.92,0
0.014394,116,0.000264,27330,35.55,-68.1,274.28,0
0.013471,104,0.000243,22950,28.71,-69.1,364.02,0
0.011764,122,0.000201,20589,30.81,-67.9,594.2,0
0.017153,72,0.000284,15621,26.17,-62.3,455.34,0
0.009309,270,0.000148,57769,52.34,-68.5,374.78,0
0.015251,105,0.000257,26220,32.98,-64.9,394.74,0
0.010734,286,0.000193,72038,64.29,-68.2,463.25,0
0.012171,105,0.000185,25603,26.12,-66,596.5,0
0.014914,94,0.000235,22085,28.78,-63.8,732.45,0
0.008109,203,0.000153,46989,34.85,-67.2,415.46,0
0.016936,74,0.000274,18517,25.47,-66.7,474.98,0
0.01246,130,0.000257,27693,33.91,-66.4,353.43,0
0.012831,97,0.000306,22302,25.67,-64.7,272.79,0
0.010497,117,0.000208,29833,26.6,-70.6,224.28,0
0.008338,172,0.000145,45982,30.78,-71.9,137.54,0
0.014516,113,0.000331,26933,34.38,-70.2,186.66,0
0.012133,118,0.000187,27893,30.33,-73.5,137.62,0
0.007972,156,0.000114,38942,26.48,-71,133,0
0.012204,117,0.000184,25287,30.01,-72.6,161.32,0
0.014838,111,0.00028,26867,34.24,-74.3,163.45,0
0.013734,209,0.000261,38130,60,-71.5,149.88,0
0.01419,289,0.000275,61463,85.17,-74.8,106.54,0
0.011639,141,0.000222,32216,35.11,-74.8,109.49,0
0.00849,241,0.000119,60815,43.12,-75.3,124.56,0
0.010661,154,0.000209,27823,35.12,-72.2,154.02,0
0.016825,123,0.000339,27217,43.52,-76.1,110.92,0
0.016045,118,0.000305,27776,39.97,-72.1,143.22,0
0.009885,161,0.000201,28104,33.98,-69.2,187.89,0
0.011034,130,0.000235,27302,30.06,-73.5,149.13,0
0.018451,79,0.000329,19321,30.27,-73.4,185.92,0
0.016695,88,0.000353,18848,30.38,-72.1,150.77,0
0.018799,85,0.000318,18976,34.85,-68.7,154.32,0
0.011863,104,0.000245,24007,25.7,-72,139.65,0
0.01819,68,0.000293,14590,25.48,-69.6,136.51,0
0.013172,129,0.000318,28420,36.97,-70.4,179.07,0
0.017573,219,0.000326,50313,79.03,-70.2,182.91,0
0.014018,204,0.000245,48889,59.9,-72.1,147.32,0
0.009546,129,0.000246,30773,26.5,-63.3,112.87,0
0.014051,401,0.000227,103342,117.65,-69.8,150.16,0
0.012747,941,0.000249,225576,249.84,-68.9,171.89,0
0.015409,304,0.000269,61831,96.27,-69.8,208.41,0
0.016424,138,0.000305,29778,46.67,-68.6,203.42,0
0.020187,102,0.000347,25154,42.12,-71.3,205.26,0
0.017921,326,0.000317,74310,120.07,-69.5,197.32,0
0.017065,264,0.000275,54773,92.86,-71.1,174.42,0
0.01506,293,0.000263,65188,91.26,-72.9,152.35,0
0.013239,93,0.000187,22571,25.19,-73,124.38,0
0.011205,110,0.000179,31474,25.55,-70.5,168.36,0
0.008075,152,0.000104,35203,25.81,-70.3,170.95,0
0.010593,174,0.000135,47421,38.49,-69.8,199.68,0
0.009889,125,0.00014,31512,25.99,-69.2,172.83,0
0.016912,73,0.000284,22025,25.09,-69.1,228.11,0
0.012445,99,0.000241,25898,25.31,-65.5,210.39,0
0.01371,90,0.000255,19091,25.42,-61.1,324.41,0
0.014947,83,0.000206,22044,25.4,-69.2,260.84,0
0.013396,92,0.000204,19856,25.22,-71.8,217.86,0
0.014048,89,0.000168,26102,25.54,-72.8,139.81,0
0.012869,112,0.000151,29489,30.34,-71.3,199.43,0
0.012358,100,0.000183,29339,25.54,-71,128.68,0
0.011077,129,0.000233,36583,29.97,-73.5,135.54,0
0.014989,86,0.00032,19125,26.52,-66.8,141.2,0
0.014764,94,0.000328,33082,28.86,-70.7,133.7,0
0.009567,127,0.000151,39775,25.41,-73.6,93.88,0
0.009291,132,0.000159,37426,25.54,-70,116.51,0
0.012444,99,0.000211,22450,25.76,-72.7,150.82,0
0.008774,140,0.000174,27472,25.71,-68.9,149.87,0
0.01448,85,0.000304,18353,25.2,-74.3,148.9,0
0.009045,159,0.000129,42518,30.21,-72.9,120.41,0
0.013956,88,0.000172,30750,25.68,-72.6,142.98,0
0.013191,95,0.000208,22210,25.81,-72,131.9,0
0.010691,118,0.000226,29126,26.18,-71.5,106.52,0
0.011412,105,0.000222,26105,25.01,-72.4,135.14,0
0.00991,153,0.000131,49589,31.88,-75.2,118.11,0
0.007641,175,0.000121,52250,28.18,-73.9,128.17,0
0.013523,91,0.000223,22991,26.27,-76,155.63,0
0.011829,104,0.000141,25180,26.09,-75.2,147.46,0
0.012271,100,0.00025,21949,26.18,-70.1,149.26,0
0.008792,140,0.000168,27259,25.69,-64.5,122.16,0
0.01273,98,0.000199,21141,25.5,-71,166.56,0
0.008447,144,0.000117,24463,26.03,-61.8,185.44,0
0.017982,72,0.000245,15991,26.12,-68.2,203.32,0
0.014353,85,0.000233,18485,24.69,-72.2,214.58,0
0.018337,66,0.000281,15640,24.6,-70.2,179.66,0
0.015286,81,0.000309,15254,25.24,-65.2,205.84,0
0.015975,91,0.000229,22758,30.25,-73.5,154.78,0
0.016653,74,0.000302,18233,25.73,-70.9,151.55,0
0.01298,95,0.000217,21825,25.2,-70.5,168.23,0
0.014168,88,0.000232,21085,25.82,-76.1,154.86,0
0.01563,78,0.000223,18052,25.04,-73.3,142.23,0
0.016815,73,0.00024,17811,25.05,-70.8,193,0
0.011498,107,0.000206,23899,25.42,-70,125.38,0
0.011181,110,0.000184,24735,26.03,-72.2,145.71,0
0.013117,94,0.000256,20680,26.3,-68.8,187.69,0
0.016945,74,0.000275,17037,25.75,-75,141.55,0
0.011906,104,0.000199,24910,25.66,-72.6,142.31,0
0.014318,99,0.000229,26941,29.64,-75.2,152.31,0
0.015235,109,0.000259,25780,34.24,-73,142.96,0
0.014954,82,0.000243,20144,25.24,-73.7,124.03,0
0.011798,105,0.000186,23860,25.95,-71.1,132.31,0
0.012423,99,0.000244,26439,25.37,-73.2,145.42,0
0.009928,123,0.000126,29891,25.69,-74.3,169.17,0
0.0125,101,0.000175,24015,26.11,-76.2,161.77,0
0.009267,130,0.000121,33667,25.23,-72.1,194.53,0
0.014478,85,0.000146,23236,25.6,-72.6,171.57,0
0.011761,105,0.000171,23195,25.57,-74.7,140.78,0
0.01352,121,0.000167,27373,33.82,-73,129.07,0
0.01029,140,0.000142,26404,30.45,-71.7,97.87,0
0.013916,88,0.000228,21109,26.18,-73,102.58,0
0.013344,93,0.000228,23936,25.84,-73,129.39,0
0.018221,67,0.000286,16769,24.96,-71.3,96.59,0
0.01104,112,0.000167,33237,26.76,-70.8,126.74,0
0.012457,99,0.000181,31140,25.99,-71.3,90.95,0
0.012467,132,0.000194,39223,34.33,-71.2,113.92,0
0.009853,124,0.000242,17599,25.68,-73.4,91.48,0
0.00693,176,0.00007,48642,25.94,-74,93.39,0
0.009198,134,0.000112,39933,25.83,-72.8,126.86,0
0.018728,66,0.000316,15176,25.14,-72.1,191.05,0
0.013488,91,0.000289,17350,25.51,-66.8,208.48,0
0.013745,90,0.000362,21515,25.21,-73.1,145.17,0
0.007976,156,0.000163,41098,26.08,-70.3,103.3,0
0.017525,82,0.000279,23419,29.58,-69.3,127.22,0
0.017148,72,0.000307,15606,25.28,-68.7,138.5,0
0.016277,77,0.00025,18982,25.76,-72.8,137.63,0
0.014521,84,0.000219,20924,25.3,-70,160.44,0
0.017964,68,0.000304,17152,26.09,-67.2,125.05,0
0.021891,57,0.000354,11352,25.6,-65.4,130.03,0
0.01593,77,0.000255,15721,25.54,-71.1,149.34,0
0.014339,87,0.000263,14444,26.72,-66.5,168.11,0
0.018403,78,0.000324,18996,29.56,-68.4,216.59,0
0.012449,115,0.000166,23978,30.15,-72.8,161.1,0
0.018504,67,0.000314,15064,26.29,-68.2,217.64,0
0.007242,169,0.000083,32549,26.37,-71.4,144.92,0
0.008938,137,0.000112,21363,26.33,-71.6,161.15,0
0.012124,119,0.00019,25706,30.43,-74.9,134.46,0
0.010152,161,0.000142,35991,34.31,-74.9,127.47,0
0.008311,199,0.000091,40570,35.05,-74.1,168.15,0
0.007778,158,0.000074,21448,25.86,-76.6,156.31,0
0.009797,125,0.000096,23034,25.48,-76.7,165.95,0
0.010156,121,0.000124,23195,25.5,-74.8,179.41,0
0.006963,177,0.000065,35084,26.28,-74.7,146.81,0
0.007093,174,0.000088,29039,26.72,-75.4,136.25,0
0.007692,160,0.000105,19239,25.98,-79.4,147.46,0
0.007982,153,0.0001,28154,25.68,-77.9,173.06,0
0.009808,152,0.000155,26057,31.2,-72.5,191.72,0
0.015078,78,0.000251,16307,24.33,-72.2,210.08,0
0.011138,110,0.000124,18433,25.3,-73,166.98,0
0.014146,88,0.000211,18221,25.69,-72,175.25,0
0.012888,96,0.000215,19036,26.2,-70.1,256.35,0
0.014231,273,0.000224,51259,80.19,-73.3,194.98,0
0.012854,96,0.0002,16414,25.46,-71.9,230.84,0
0.015894,78,0.000305,17223,25.35,-65.9,167.42,0
0.021173,61,0.000379,19955,25.98,-68.2,148.21,0
0.016433,72,0.000225,19896,24.18,-73.2,206.44,0
0.013203,94,0.000239,14065,25.25,-67.6,372.44,0
0.009658,128,0.000158,23970,25.9,-73.1,238.2,0
0.010391,138,0.00016,22850,29.92,-73.7,199.68,0
0.021266,58,0.000357,13375,24.86,-70.4,193.28,0
0.014524,99,0.000231,23850,29.99,-67.3,276.22,0
0.013578,91,0.000179,17442,25.52,-72.2,231.16,0
0.011317,109,0.000211,26402,25.7,-71.3,158.4,0
0.016829,86,0.000262,18621,29.67,-70.3,222.61,0
0.016229,76,0.000234,14817,25.13,-69.5,234.01,0
0.009658,150,0.000182,31655,29.97,-72.6,191.4,0
0.009479,129,0.000173,32323,25.63,-69.9,148.2,0
0.020648,80,0.000322,17091,33.44,-67.8,231.08,0
0.014645,86,0.000271,18267,25.85,-70.7,276.05,0
0.016563,73,0.000317,15375,24.75,-65.4,163,0
0.019341,64,0.0003,15188,25.27,-69.9,185.4,0
0.01701,85,0.000218,22424,29.46,-71.2,206.5,0
0.017294,71,0.000305,13124,25.49,-64.7,273.4,0
0.012266,134,0.000203,28199,34.08,-72.7,157.6,0
0.01637,91,0.000308,19297,30.42,-72,167.27,0
0.015566,103,0.0003,18326,32.91,-67,295.11,0
0.01539,93,0.000241,20729,29.48,-68,201.87,0
0.015936,80,0.000254,17149,26.05,-65.9,269.9,0
0.015475,104,0.000276,22638,32.85,-67.6,298.7,0
0.017054,85,0.000249,18606,29.53,-71,239.63,0
0.016301,89,0.000255,19986,29.4,-69.5,249.44,0
0.014314,115,0.000258,26746,34.34,-68.7,242.47,0
0.015986,77,0.000235,14580,25.23,-73.6,189.6,0
0.019113,65,0.000309,14559,25.1,-69.6,242.4,0
0.009248,134,0.000204,32157,25.96,-68.7,136.67,0
0.018899,65,0.00029,15908,25.26,-69.1,171.07,0
0.01665,74,0.000279,14591,26.11,-72.4,196.89,0
0.01522,81,0.000287,14559,25.12,-72.4,248.27,0
0.008845,162,0.000134,30693,30.08,-74.6,200.58,0
0.011804,139,0.000191,28702,33.91,-73.8,192.33,0
0.012612,146,0.000242,33362,38.03,-68.4,178.97,0
0.013178,109,0.000223,22551,29.42,-72.7,224.25,0
0.008536,169,0.000186,28766,31.25,-76,190.11,0
0.013998,88,0.000223,13303,25.2,-69.9,249.45,0
0.015851,143,0.000263,28049,46.94,-66.5,211.97,0
0.014513,85,0.000261,19461,26.04,-67.8,210.75,0
0.010308,160,0.000168,30497,34.02,-72.6,182.42,0
0.015945,107,0.000294,21075,34.82,-73.2,156.18,0
0.014349,100,0.00032,23110,29.64,-73.7,104.46,0
0.017005,82,0.000287,20888,28.45,-69.1,164.66,0
0.010921,136,0.000209,35655,30.94,-67.7,110.93,0
0.012099,116,0.000272,25902,29.07,-68.4,110.66,0
0.012346,165,0.000173,35732,42.08,-70,169.27,0
0.013512,122,0.000234,34289,34.09,-71.8,178.56,0
0.013636,91,0.000198,19236,26.05,-66.2,216.16,0
0.011078,129,0.000198,27675,29.92,-63.6,459.44,0
0.01156,124,0.000243,30227,30.16,-63.7,267.68,0
0.014454,85,0.000299,21090,25.12,-68.1,376.57,0
0.012717,113,0.000235,26195,30.62,-72.3,168.17,0
0.010394,138,0.000194,26110,29.65,-68.7,310.44,0
0.016459,88,0.000233,19614,29.54,-70.2,232.12,0
0.012583,98,0.000153,19972,25.33,-65.8,576.39,0
0.01277,97,0.000273,20727,26.25,-62,572.14,0
0.014807,84,0.000275,22407,25.51,-55,761.22,0
0.012294,99,0.000182,23257,24.84,-61.4,523.58,0
0.009062,136,0.000139,23689,25.59,-69.5,487.72,0
0.00788,156,0.000124,22242,26.21,-68.1,286.04,0
0.012241,101,0.000195,18941,25.31,-65.4,394.3,0
0.016473,75,0.000272,17574,25.49,-64.8,223.83,0
0.015431,107,0.000256,26148,34.39,-70.4,183.82,0
0.011459,304,0.000173,55202,72.24,-74.1,197.39,0
0.00826,151,0.000147,33385,26.15,-71.4,158.94,0
0.018173,67,0.000247,14966,24.72,-69.7,195.25,0
0.015239,81,0.000186,19336,25.21,-73.7,188.46,0
0.015566,80,0.000222,18309,25.43,-67.6,261.09,0
0.017252,83,0.000277,18820,29.27,-69.1,261.75,0
0.010827,132,0.000237,28959,29.81,-67.9,148.11,0
0.016744,87,0.000275,21499,29.72,-69.9,250.95,0
0.007668,158,0.000106,35215,25.37,-70.3,194.75,0
0.015912,78,0.000201,18328,25.58,-73.4,203.87,0
0.010819,133,0.000179,30930,29.97,-69.3,203.15,0
0.015648,79,0.000247,21071,25.08,-72.1,161.33,0
0.010948,172,0.000169,42794,39.2,-70.7,132.78,0
0.01009,119,0.00018,24689,25.07,-70.6,194.94,0
0.011051,204,0.000174,46516,48.02,-68.4,235.47,0
0.01663,87,0.000241,21698,29.74,-70.6,139.5,0
0.018205,68,0.000321,15916,25.09,-73.8,143.44,0
0.011833,105,0.000234,23343,25.66,-72.1,118.02,0
0.015957,90,0.000235,20307,29.16,-75.9,98.24,0
0.014539,88,0.000227,19703,26.32,-76,139.06,0
0.018402,65,0.000266,14491,24.46,-71.4,128.44,0
0.018317,68,0.000275,15500,25.41,-71.9,98.77,0
0.019174,64,0.00027,15528,25,-72.2,102.81,0
0.012345,117,0.000185,26299,29.71,-73,121.83,0
0.009647,171,0.000153,28739,35.08,-76.9,128.32,0
0.019653,73,0.000276,18600,29.24,-74.2,107.68,0
0.012329,116,0.000232,26274,29.59,-72.1,95.32,0
0.018249,85,0.000304,21989,31.54,-75.1,111.46,0
0.020208,66,0.000277,15539,27.37,-72,122.85,0
0.011143,129,0.000214,29700,29.92,-70.9,140.43,0
0.0104,118,0.000172,30016,25.88,-71.1,87.84,0
0.011619,106,0.000214,24938,25.63,-73,112.85,0
0.013664,106,0.000246,23939,30.04,-69.7,171.28,0
0.012634,99,0.000239,24069,26,-70.7,88.44,0
0.02201,65,0.000239,16572,29.08,-72.3,123.18,0
0.016731,74,0.000235,16729,25.06,-72.1,132.66,0
0.019232,75,0.000299,18097,29.23,-72.1,98.64,0
0.015756,79,0.000221,17976,25.58,-70.6,124.03,0
0.020802,69,0.000324,16787,29.01,-72.9,117.92,0
0.012842,112,0.000353,22534,29.5,-67.2,137.54,0
0.014805,84,0.000314,19552,25.57,-71.8,105.28,0
0.016645,74,0.000287,17872,25.19,-73.7,108.6,0
0.014684,98,0.00017,21373,29.51,-74.4,117.61,0
0.015061,96,0.000182,23265,29.56,-74.3,119.2,0
0.013183,109,0.000237,24960,29.69,-71.4,101.94,0
0.014452,86,0.000196,16875,25.6,-75.7,145.2,0
0.01767,69,0.000278,15720,24.66,-71.4,91.49,0
0.014555,103,0.00028,18266,31.39,-66.1,239.49,0
0.020975,57,0.000327,15018,23.98,-68.1,172.63,0
0.02302,63,0.000297,16422,29.82,-69.6,180.14,0
0.010536,136,0.000209,31220,29.86,-69.1,126.33,0
0.014065,104,0.000264,27225,30.79,-71.3,120.79,0
0.01477,110,0.000217,23301,33.54,-71.5,118.23,0
0.008241,173,0.000132,39571,30.08,-70.2,99.69,0
0.015136,83,0.00027,20560,25.67,-72.2,143.41,0
0.013905,117,0.000238,30255,33.34,-72.1,145.6,0
0.013794,93,0.000222,18191,26.39,-67.1,245.61,0
0.014888,94,0.000246,21347,28.62,-68.2,214.42,0
0.017753,69,0.000306,16756,24.74,-68.8,188.84,0
0.016965,97,0.000271,19907,34.35,-63.3,212.38,0
0.01661,76,0.000235,18007,25.57,-69.3,134.69,0
0.011453,106,0.000213,20281,24.98,-66,328.39,0
0.018813,66,0.000322,14477,25.33,-73.8,179.58,0
0.019135,75,0.000279,18043,29.35,-68.7,152,0
0.016286,76,0.000268,14592,25.22,-63.4,244.8,0
0.018482,67,0.000269,14495,25.27,-67.4,196.06,0
0.01494,98,0.000256,25135,29.87,-68.5,143.23,0
0.018209,90,0.000253,21276,33.56,-69.5,159.09,0
0.015547,80,0.000169,24518,25.59,-70.8,189.34,0
0.026588,54,0.000415,14921,29.21,-68.9,170.13,0
0.022379,56,0.000264,13949,26,-66.7,161.23,0
0.025739,48,0.000466,10740,24.85,-68,133.02,0
0.019876,73,0.000272,17709,29.35,-67.8,194.68,0
0.017101,84,0.000289,21006,29.28,-67.9,152.76,0
0.019085,76,0.000297,17199,29.31,-67.1,165.44,0
0.015662,92,0.000247,23146,29.59,-68.2,138.39,0
0.017459,83,0.000264,20105,29.36,-69,194.99,0
0.018325,90,0.00032,24093,33.76,-71,155.74,0
0.016585,87,0.000229,20221,29.39,-71,138.16,0
0.017847,81,0.000286,18326,29.39,-66,187.33,0
0.014742,98,0.000171,24118,29.43,-70.7,165.64,0
0.015884,78,0.000274,18787,25.28,-69.2,168.31,0
0.01193,120,0.000148,26969,29.62,-64,225.71,0
0.015385,107,0.000211,25349,33.71,-68.8,159.66,0
0.010515,156,0.000157,33206,34.04,-71.7,135.83,0
0.015162,81,0.000162,17258,25.08,-70.6,146.61,0
0.015008,83,0.000274,20565,25.31,-69.3,106.8,0
0.012017,103,0.00016,24249,25.31,-71,134.24,0
0.018906,66,0.000268,14828,25.35,-69.9,156.08,0
0.011961,105,0.00023,22558,26.04,-68.8,128.36,0
0.016946,71,0.000342,17454,24.91,-70.5,159.66,0
0.017468,71,0.000317,17461,25.88,-69.9,128.8,0
0.026357,55,0.000419,13979,29.78,-68.3,125.89,0
0.033741,44,0.00039,11532,30.38,-65.4,179.6,0
0.016665,97,0.000311,22931,34.85,-68.6,142.15,0
0.01799,69,0.000348,16192,25.84,-70.5,192.6,0
0.018866,66,0.000269,17726,24.98,-71.8,212.43,0
0.010181,143,0.000197,33832,30.29,-70.3,157.01,0
0.02054,60,0.000344,13755,24.83,-66.8,240.89,0
0.013208,94,0.000376,20746,26.57,-64.3,211.04,0
0.015651,92,0.000229,23906,30.29,-70.4,180.54,0
0.017005,98,0.000346,20755,34.83,-67.2,262.66,0
0.01444,98,0.000323,21056,29.39,-62.8,237.82,0
0.021324,60,0.000459,15548,26.06,-65.8,188.36,0
0.021937,55,0.000305,14088,24.66,-69.5,234.03,0
0.015087,96,0.00026,20588,29.99,-65.9,300.93,0
0.015408,120,0.000305,26018,39.05,-66.3,257.16,0
0.018761,69,0.000297,16514,26.39,-70.1,229.4,0
0.015364,77,0.000266,14351,24.07,-62.9,286.51,0
0.014794,84,0.000207,20707,25.81,-70.7,244.39,0
0.010445,138,0.000203,30767,31.74,-67.6,358.23,0
0.01145,112,0.000233,27126,26.39,-66.9,238.69,0
0.008149,146,0.000128,33642,25.51,-70.6,191.09,0
0.01237,116,0.000161,27354,30.73,-69.3,153.76,0
0.013352,93,0.00019,17951,27.19,-67.7,221.62,0
0.017271,73,0.000303,17149,26.74,-70.5,124.77,0
0.010212,118,0.000161,25483,24.97,-73.1,93.35,0
0.013846,89,0.000238,20240,26.38,-70.2,87.68,0
0.011916,104,0.000201,27740,25.58,-70.9,67.6,0
0.013485,109,0.000258,27271,30.26,-70.3,104.99,0
0.016391,99,0.000363,23253,34.09,-69.9,170.21,0
0.014392,99,0.000223,18222,29.79,-66.3,262.19,0
0.014222,87,0.000185,20118,25.54,-69.4,328.4,0
0.007505,195,0.000121,41765,31.67,-63.7,461.19,0
0.008537,142,0.000249,28609,25.61,-65.9,267.89,0
0.012334,100,0.000214,17503,26.13,-64.9,194.29,0
0.01808,91,0.000251,19826,33.49,-67.8,272.6,0
0.0147,84,0.000191,17543,25.62,-66,316.38,0
0.017631,84,0.000248,18492,30.6,-65.2,281.16,0
0.013574,118,0.000241,25641,33.57,-64.6,250.67,0
0.010578,116,0.000179,22691,25.5,-61.1,273.98,0
0.016564,261,0.000336,59075,89.83,-65.9,217.06,0
0.014017,87,0.0002,19971,25.95,-69.5,125.01,0
0.01715,72,0.000266,15724,26.87,-69.4,238,0
0.018408,104,0.000348,25487,39.85,-73.4,244.55,0
0.026324,45,0.000555,11151,23.82,-72.3,214.71,0
0.014456,86,0.000317,19626,25.72,-69.6,219.35,0
0.014451,100,0.000368,22255,30.53,-67.1,167.09,0
0.015687,93,0.000457,17043,29.87,-66.9,227.92,0
0.013186,140,0.000285,29611,38.68,-67.3,191.21,0
0.017525,104,0.000295,24255,38.13,-70.4,186.67,0
0.014062,117,0.000297,24535,34.99,-73.1,135.53,0
0.017347,95,0.000326,18952,33.94,-66.9,289.75,0
0.011621,142,0.00017,32583,36.1,-77,175.95,0
0.010118,163,0.000129,32606,35.87,-77,154.5,0
0.008889,166,0.000165,36000,31.06,-72,264.34,0
0.0121,134,0.000121,33023,33.63,-78.7,169.7,0
0.028655,50,0.000427,11629,29.18,-70.8,136.92,0
0.020612,92,0.000462,18238,39.28,-66.6,255,0
0.012728,174,0.000311,38049,47.5,-67.4,203.18,0
0.014174,102,0.000334,19926,29.92,-65.5,197.35,0
0.019336,86,0.000404,19782,34.17,-63.8,219.1,0
0.021907,56,0.000388,12159,25.41,-72.2,157.97,0
0.014297,86,0.000334,20458,25.61,-67.7,135.96,0
0.021293,68,0.000354,14232,29.87,-71.8,174.6,0
0.018705,77,0.000317,16325,29.81,-68.7,181.83,0
0.020187,102,0.00051,24766,42.6,-67.3,173.94,0
0.014871,97,0.000325,22760,30.18,-68.9,140.14,0
0.018931,66,0.000349,15238,25.94,-69.8,280.05,0
0.019634,63,0.000379,14115,25.65,-68.3,230.76,0
0.0263,63,0.000421,15066,33.85,-70.9,170.4,0
0.012173,119,0.000233,25263,30.66,-71.8,165.53,0
0.020654,60,0.00041,14463,25.68,-69.5,206.15,0
0.007817,216,0.000186,48756,35.43,-67.7,103.48,0
0.024957,48,0.000546,10387,24.9,-65.2,176.74,0
0.011955,120,0.00023,24293,30.1,-64.8,170.41,0
0.015088,95,0.000351,15782,29.45,-63.7,296.33,0
0.02797,52,0.000424,11550,29.48,-65.4,163.54,0
0.021578,67,0.000404,14498,29.66,-66.4,164.63,0
0.01208,136,0.000271,29618,34.23,-67,127.75,0
0.020428,82,0.000491,16796,34.26,-64.1,210.3,0
0.012572,96,0.000303,17939,25.64,-66.8,132.14,0
0.015846,91,0.000401,20314,29.29,-67.7,171.91,0
0.02257,55,0.000447,12230,25.02,-68.3,132.58,0
0.018304,90,0.000394,19815,34.34,-68.9,157.97,0
0.018266,79,0.000363,17349,29.13,-68.6,205.21,0
0.019045,98,0.00042,21753,37.89,-67.3,176.2,0
0.030127,55,0.000501,12199,33.76,-65.2,196.38,0
0.021522,77,0.0004,16483,33.61,-69.1,225.86,0
0.017974,103,0.000383,16883,38.44,-64.9,320.12,0
0.018466,89,0.000393,20601,33.94,-65.1,142.66,0
0.017749,82,0.000406,16298,30.33,-67.7,250.21,0
0.024236,68,0.000446,14546,33.51,-66.6,207.63,0
0.021265,65,0.000529,14901,29.13,-65,143.68,0
0.028388,53,0.000617,11405,31.76,-64.8,253.28,0
0.011317,127,0.000232,29161,30.05,-70.7,245.36,0
0.019124,77,0.000491,13583,30.35,-60.6,203.87,0
0.023601,60,0.000419,15460,29.28,-71.2,120.29,0
0.016533,88,0.00053,14019,30.48,-64.1,170.09,0
0.020881,60,0.000419,9898,26.54,-64.9,221.08,0
0.015607,107,0.000412,22933,34.77,-70.9,97.06,0
0.023674,68,0.00043,14004,33.15,-72.2,147.28,0
0.028083,52,0.000732,11514,30.31,-66.6,159.73,0
0.024647,59,0.000534,12917,30.35,-71.7,97.04,0
0.016532,88,0.000335,22188,30.09,-72.8,84.82,0
0.016144,100,0.000278,16778,33.41,-66.9,244.43,0
0.025785,56,0.000542,12243,29.46,-73.7,129.47,0
0.021441,77,0.000635,18363,34.62,-70.9,90.19,0
0.018708,88,0.000433,16914,33.48,-70,240.41,0
0.021726,67,0.000359,14629,29.77,-72.1,182.92,0
0.030658,41,0.000904,8647,25.11,-69.6,125.11,0
0.019253,75,0.000433,16915,29.86,-71,202.16,0
0.019803,94,0.000498,20482,38.27,-70.2,199,0
0.019892,83,0.000475,19089,33.59,-68.1,129.27,0
0.017847,81,0.000328,17835,29.44,-71,170.89,0
0.023065,63,0.000492,13439,30.36,-67.2,236.96,0
0.018985,87,0.000273,16223,33.58,-76.8,212.73,0
0.018448,78,0.000359,16427,29.62,-74.1,148.82,0
0.01493,151,0.000296,32073,46.62,-73.7,168.98,0
0.021492,68,0.000346,13211,29.49,-69,263.88,0
0.017529,70,0.000315,15577,24.91,-71.1,184.51,0
0.02092,60,0.000358,13108,25.98,-72.9,236.63,0
0.021061,58,0.000285,12822,24.66,-72.6,187.56,0
0.018143,71,0.000525,15639,26.22,-72.2,163.16,0
0.025568,47,0.000455,9220,24.19,-70.1,198.87,0
0.020868,80,0.00034,17914,34.74,-72.5,156.77,0
0.016694,87,0.000327,14193,30.43,-66.4,226.55,0
0.016227,355,0.00034,84240,119.93,-71.4,139.8,0
0.027502,51,0.000661,11923,28.97,-69.3,155.73,0
0.016979,97,0.000318,17757,35.09,-73.1,210.95,0
0.018639,67,0.000334,14219,26.47,-73.8,214.57,0
0.012434,118,0.00031,22984,31.86,-69.6,83.55,0
0.022083,175,0.000428,37396,79.78,-71.7,171.67,0
0.016329,77,0.00029,17323,26.03,-72.6,164.44,0
0.016451,86,0.00036,15005,29.58,-66.8,264.99,0
0.023238,54,0.000616,12403,25.32,-70.9,139.91,0
0.019271,75,0.000412,17642,29.49,-70.9,135.1,0
0.0151,95,0.000385,19915,30.26,-69.9,95.06,0
0.016297,79,0.000513,14886,26.54,-68.4,296.78,0
0.019068,73,0.000269,16021,28.33,-74.6,173.79,0
0.012955,112,0.000232,17402,30.81,-65.3,307.89,0
0.019664,125,0.000356,31331,51.22,-70.5,117.1,0
0.016032,103,0.000357,23835,35.35,-72.6,126.53,0
0.014735,111,0.000322,26937,33.66,-72.7,111.79,0
0.017068,86,0.000338,18613,30.43,-68.1,140.42,0
0.014725,100,0.000278,22427,30.83,-70.7,185.46,0
0.019415,82,0.000416,17326,32.54,-71.9,186.5,0
0.022583,55,0.000289,13035,26.05,-73.7,126.93,0
0.018736,66,0.000328,14037,25.51,-69.8,205.6,0
0.015148,84,0.000321,18246,26.21,-70.3,121.84,0
0.015723,89,0.000347,20211,28.76,-72.6,131.03,0
0.019732,63,0.000502,10894,26.06,-62.1,135.32,0
0.023427,62,0.000595,12215,30.43,-64.7,176.73,0
0.014474,99,0.000269,21819,30.32,-72.1,100.97,0
0.02695,54,0.00061,12337,30.47,-68.8,135.06,0
0.014061,102,0.000292,20525,30.1,-67.8,199.65,0
0.015726,79,0.000422,17691,25.59,-70.5,196.63,0
0.018578,69,0.000339,15098,26.25,-69,206.16,0
0.012627,111,0.000342,22758,29.51,-68.4,149.58,0
0.016513,87,0.000338,15762,29.98,-67.4,257.99,0
0.020575,71,0.000353,14604,30.43,-64.8,217.55,0
0.016896,99,0.000318,21982,34.29,-69.2,142.38,0
0.015278,78,0.00035,16459,24.3,-66.9,133.3,0
0.015164,82,0.00037,19452,26.05,-67,116.29,0
0.021026,59,0.000371,10841,25.72,-69.2,183.51,0
0.0181,91,0.000374,16832,34.54,-64.4,184.33,0
0.015289,85,0.000365,17210,26.56,-67.7,236.2,0
0.014822,79,0.000357,17162,24.24,-66.3,212.59,0
0.013531,107,0.000249,24588,29.84,-72.5,272.08,0
0.010507,136,0.000271,26895,30.67,-65.5,190.22,0
0.01642,88,0.000421,15603,30.09,-64.5,283.2,0
0.014008,88,0.000298,11988,25.91,-63.1,353.58,0
0.011899,103,0.000308,20499,25.89,-63.8,204.06,0
0.018822,88,0.000318,20396,34.44,-73.9,184.49,0
0.020386,72,0.000601,11078,30.71,-64.3,191.8,0
0.026811,53,0.000494,11645,28.51,-68.5,149.83,0
0.014653,98,0.000295,23930,29.52,-69.8,88.19,0
0.020042,63,0.000424,13923,26.11,-67.4,141.76,0
0.016807,73,0.000333,15995,25.82,-71.8,203.12,0
0.019122,64,0.000359,13265,25.59,-69,221.22,0
0.024708,50,0.000391,10797,25.3,-68,158.32,0
0.018209,91,0.000335,20663,34.57,-70.3,226.6,0
0.016457,89,0.000415,15737,30.51,-66.4,204.04,0
0.009291,128,0.000186,27170,24.84,-66,159.9,0
0.021557,67,0.000333,14310,30.03,-70.4,235.23,0
0.015823,91,0.000397,16221,29.49,-63.9,298.01,0
0.01972,74,0.000487,18521,31.01,-66.4,110.23,0
0.021304,77,0.000362,17966,33.98,-70.1,173,0
0.01203,120,0.000233,22365,30.83,-66.5,213.82,0
0.020226,61,0.000416,10468,26.07,-64,209.39,0
0.012287,119,0.000255,27333,31.62,-67,117.49,0
0.018204,69,0.000422,16635,25.9,-69.6,189.65,0
0.014207,84,0.000212,16191,24.68,-64.8,243.4,0
0.019823,73,0.000482,12704,30.68,-63.8,200.93,0
0.015434,95,0.000345,18863,30.2,-65.6,213.02,0
0.021762,55,0.000673,11404,24.19,-64.5,204.58,0
0.015041,82,0.000307,16368,26.16,-64,154.82,0
0.024746,75,0.000379,16368,38.16,-62.3,193.12,0
0.024493,59,0.000417,12964,29.84,-65,200.07,0
0.007069,174,0.000177,34764,26.13,-57.8,121.66,0
0.015216,82,0.000237,14149,26.01,-62.9,256.52,0
0.021417,58,0.00035,13730,25.28,-68.4,222.97,0
0.024942,50,0.000296,11540,25.3,-66.6,190.71,0
0.023405,55,0.000441,12925,26.17,-66.5,205.6,0
0.023317,69,0.000352,14714,32.97,-65.2,210.48,0
0.012017,102,0.0003,22836,26.15,-67.6,162.87,0
0.023932,61,0.000322,13724,30.09,-68.7,226.05,0
0.013099,94,0.000329,21342,26.74,-66.4,144.85,0
0.024929,68,0.000296,14925,34.91,-68.6,211.42,0
0.021737,65,0.000324,16490,29.01,-67.6,165.17,0
0.019382,74,0.000348,17386,29.77,-66.6,205.64,0
0.024499,51,0.000463,12215,25.68,-65.8,199.31,0
0.032331,45,0.000496,9514,29.25,-61.6,155.48,0
0.027348,46,0.000514,10978,25.38,-63.8,178.62,0
0.021157,68,0.000261,15583,29.7,-65.9,176.04,0
0.019335,75,0.000296,17061,29.37,-67.2,175.13,0
0.01785,80,0.000334,18703,29.17,-66.8,200.3,0
0.022634,64,0.000371,15158,29.99,-67.6,257.83,0
0.024443,68,0.000443,17076,33.87,-67.9,213.48,0
0.015664,104,0.000327,25900,33.32,-68.8,186.05,0
0.024679,59,0.000412,12225,29.88,-64.6,224.98,0
0.019154,64,0.000303,11237,24.83,-64.8,296.99,0
0.019656,63,0.000408,13392,25,-61.6,229.18,0
0.01672,74,0.000369,14204,26.2,-67,189.63,0
0.018931,87,0.000385,18340,33.5,-65.5,203.47,0
0.024502,59,0.000376,17030,29.16,-69.6,239.23,0
0.013732,120,0.000299,27141,33.87,-68.8,144.73,0
0.01551,93,0.000334,20138,30.11,-68.5,174.31,0
0.017877,69,0.00036,13624,26.08,-64.5,271.55,0
0.016735,86,0.000352,19774,29.43,-67.9,180.93,0
0.015828,104,0.000445,20967,33.93,-64.3,244.34,0
0.013954,117,0.000301,24620,33.45,-66.9,219.49,0
0.022603,64,0.000374,11947,29.56,-65.5,262.94,0
0.01925,75,0.000322,17026,29.4,-65.1,240.2,0
0.019875,74,0.000316,22211,30.39,-68.5,273.44,0
0.025495,56,0.000375,10704,28.96,-66.1,271.31,0
0.018032,91,0.000382,21185,33.71,-65.8,157.57,0
0.01597,90,0.000383,20775,29.26,-71.3,200.98,0
0.016437,88,0.000367,16946,29.32,-63.5,233.27,0
0.025482,65,0.000499,13480,33.48,-60.6,187.01,0
0.029327,64,0.000416,15263,37.51,-66.1,191.43,0
0.022268,74,0.000515,13691,33.14,-59.1,281.87,0
0.018903,66,0.000306,11924,25.51,-65.7,312.52,0
0.0228,54,0.00039,12097,24.95,-66.7,272.57,0
0.029716,42,0.000512,8429,25.69,-61.5,213.58,0
0.022213,65,0.000308,12101,29.4,-62.2,281.61,0
0.02695,54,0.00045,11319,29.16,-63.1,267.3,0
0.014284,129,0.000351,29907,38.07,-66.3,126.65,0
0.012457,99,0.000283,21248,25.21,-66.3,193.62,0
0.014194,104,0.000209,16062,30.53,-74.4,181.76,0
0.008857,181,0.000124,27992,33.7,-75.1,110.82,0
0.011714,125,0.000203,25919,30.38,-71.9,152.34,0
0.015647,129,0.000326,30674,41.76,-68.7,109.22,0
0.021566,86,0.000359,20731,37.61,-68,164.1,0
0.017643,83,0.000217,19573,30.07,-64.8,378.37,0
0.019505,83,0.000194,18685,33.02,-67.4,315.32,0
0.011783,125,0.000221,27528,31.01,-67.5,199.45,0
0.015899,76,0.000153,16647,24.91,-68.2,316.77,0
0.017576,93,0.000258,21631,33.21,-65.6,360.05,0
0.013802,107,0.000172,23867,31.02,-68.3,286.47,0
0.010419,137,0.000169,34214,29.94,-68.8,168.57,0
0.010316,157,0.000131,35340,33.87,-71.9,207.57,0
0.019964,65,0.00022,15001,26.31,-67.8,221.12,0
0.015898,75,0.000159,15297,24.57,-69.9,226.53,0
0.017907,103,0.000351,23146,38.12,-67.4,203.04,0
0.021665,76,0.000231,18221,34.05,-69.6,223.35,0
0.011551,142,0.000175,33130,34.05,-72.4,172.41,0
0.017482,165,0.00023,34859,59.28,-70.6,245.28,0
0.010659,173,0.000164,41508,38.33,-70.5,143.7,0
0.01704,86,0.000253,20633,30.71,-72.1,200.02,0
0.014785,95,0.000239,21441,28.69,-71.7,268.29,0
0.018245,90,0.000226,19049,33.89,-69.6,255.51,0
0.007927,181,0.000146,47486,30.23,-71.8,154.35,0
0.007945,155,0.000136,35167,26.18,-70.9,189.76,0
0.018285,79,0.000245,17063,29.66,-71.4,212.93,0
0.015751,81,0.000178,18022,26.47,-69.3,261.28,0
0.015761,89,0.000341,21003,28.66,-67.6,161.27,0
0.017376,82,0.000174,16521,29.27,-70.1,226.27,0
0.022152,58,0.000309,13161,26.12,-67.8,239.32,0
0.024846,65,0.000393,15671,32.81,-68.8,165.99,0
0.018354,79,0.000357,14765,29.7,-60.5,264.48,0
0.022607,64,0.00034,14451,29.21,-68.4,216.14,0
0.020999,69,0.000269,15803,29.8,-68.4,185.66,0
0.017024,97,0.000294,23337,33.86,-69.4,184.17,0
0.018969,65,0.000305,14345,25.95,-66.9,261.49,0
0.021977,66,0.000354,14400,29.41,-69.4,240.35,0
0.011358,109,0.000231,24048,25.54,-70.3,145.32,0
0.008615,167,0.00014,31822,30.04,-70.2,231.49,0
0.010003,144,0.000182,29037,29.77,-72,132.68,0
0.016969,74,0.00021,14010,25.39,-68.6,249.69,0
0.015787,93,0.000231,21011,30.32,-70.6,210,0
0.016242,99,0.000301,23803,32.79,-67.2,310.05,0
0.014893,97,0.0002,24279,29.43,-71.3,329.63,0
0.014136,117,0.000228,27853,34.95,-71.8,297.14,0
0.014115,89,0.000188,21119,26.02,-68.9,305.51,0
0.016658,97,0.000216,19660,33.1,-70.1,189.68,0
0.017104,84,0.000237,18660,29.4,-68.5,252.51,0
0.009011,138,0.000134,29669,26.03,-70.4,103.98,0
0.017041,85,0.00024,18262,29.82,-71.7,219,0
0.01951,84,0.00025,17516,34.47,-74,127.31,0
0.018127,102,0.000246,24053,38,-73.2,123.63,0
0.016379,100,0.000248,22180,34.62,-74.7,183.8,0
0.01239,118,0.00018,27003,30.42,-72.7,136.26,0
0.019266,64,0.000181,16751,25.91,-72.8,178.97,0
0.015925,103,0.000317,25591,34.82,-74.9,154.75,0
0.016517,77,0.000275,13964,26.24,-67.1,278.69,0
0.021706,56,0.000323,13401,25.35,-68.7,126.94,0
0.014907,103,0.00028,23383,32.31,-73.1,109.01,0
0.016388,269,0.000296,61394,92.13,-74.9,151.46,0
0.014337,129,0.000236,29887,38.72,-73.4,109.99,0
0.013264,93,0.000265,21571,26.84,-72.9,142.14,0
0.016364,88,0.000248,19114,30.62,-72,167.33,0
0.019175,75,0.000239,14619,30.89,-71,163.33,0
0.015955,90,0.000322,20261,30.15,-75.2,153.28,0
0.016869,85,0.000241,15264,29.85,-70.8,130.77,0
0.018208,80,0.000311,16706,30.16,-73.5,136.32,0
0.016284,89,0.000219,20644,29.67,-71.4,142.24,0
0.020059,82,0.000247,17085,34.07,-71.7,151.29,0
0.017684,70,0.000272,14954,26.18,-72.4,174.48,0
0.018048,80,0.000273,19087,29.55,-74,149.87,0
0.015646,288,0.00026,59381,94.88,-74.5,143.51,0
0.016793,101,0.000197,19760,35.11,-71.4,187.1,0
0.017676,79,0.000291,18593,29.32,-75.1,147.19,0
0.025669,56,0.000316,12237,29.33,-69.9,144.02,0
0.020224,62,0.000267,14160,26.69,-71.6,195.59,0
0.018881,88,0.000373,19832,34.12,-69,115.6,0
0.024101,68,0.000346,16000,33.55,-73,141.62,0
0.02237,83,0.000449,19795,38.08,-73.7,102.65,0
0.023313,102,0.000498,21451,49.82,-73.5,172.98,0
0.014659,91,0.000366,20129,28.09,-69.7,196.5,0
0.016957,97,0.000475,22189,35.45,-76.8,139.31,0
0.021976,66,0.000467,14624,30.56,-71.4,216.91,0
0.013766,119,0.000222,22870,35.1,-71.8,258.3,0
0.021428,82,0.00035,16238,36.96,-72.1,188.79,0
0.018933,95,0.000266,21359,37.95,-75.2,145.09,0
0.016345,86,0.00027,21003,28.74,-70.7,131.5,0
0.016811,97,0.000263,22759,33.93,-74.9,135.26,0
0.012406,103,0.00023,20624,27.14,-74,175.35,0
0.012371,129,0.000239,29503,33.52,-75.4,151.93,0
0.017307,83,0.000206,19696,29.92,-75.8,93.39,0
0.010012,153,0.000167,31572,33.03,-76.3,107.92,0
0.016734,239,0.000306,53246,84.13,-72.2,161.37,0
0.011875,121,0.00014,25908,30.13,-75.4,134.73,0
0.011809,104,0.000212,22700,25.58,-72.2,260.92,0
0.011159,130,0.000209,33028,30.47,-76.6,99.63,0
0.009855,166,0.000114,37147,34.84,-77,227.94,0
0.020719,198,0.000582,46115,85.07,-70.2,145,0
0.020908,69,0.000361,14674,30.24,-69.7,197.68,0
0.023775,61,0.000373,12722,30.2,-70.4,185.91,0
0.024598,51,0.00055,10838,25.39,-75.7,120.58,0
0.022793,54,0.000388,12478,24.93,-74.8,144.18,0
0.015827,95,0.000251,19995,31.64,-69.9,249.98,0
0.01707,82,0.00029,19282,29.17,-71.1,128.76,0
0.018662,77,0.000224,18987,29.63,-72.7,133.74,0
0.019669,94,0.00036,22777,39.21,-73.4,168.11,0
0.016051,102,0.000229,22459,33.7,-74.2,158.48,0
0.012592,117,0.000221,27366,30.47,-72.2,134.48,0
0.02246,63,0.000431,15208,29.68,-69.7,118.47,0
0.024607,59,0.000349,14027,29.38,-69.5,145.06,0
0.014131,88,0.000198,17566,25.84,-73.8,165.25,0
0.021624,57,0.000331,13087,25.16,-72.1,138.52,0
0.016906,73,0.000307,17525,25.32,-71.8,91.96,0
0.022574,64,0.000403,16340,30.08,-73.3,97.4,0
0.012643,114,0.000189,27459,29.91,-76.4,117.7,0
0.01121,128,0.00018,26883,30.64,-71.4,228.11,0
0.010647,115,0.000105,26864,25.74,-78.8,139.39,0
0.011483,125,0.000138,30135,29.79,-77.1,120.1,0
0.015003,96,0.000384,23880,31.4,-78.5,127.67,0
0.015961,103,0.000268,22877,33.81,-72.5,237.35,0
0.011298,128,0.000259,26942,29.97,-68.2,188.28,0
0.017076,72,0.000192,15398,25.92,-71.9,220.67,0
0.019491,74,0.000304,16525,29.83,-71.7,205.57,0
0.021698,76,0.000229,18672,33.84,-73.9,137.79,0
0.022352,56,0.000358,12683,25.17,-68.9,222.85,0
0.019368,74,0.000483,18682,29.1,-69.2,122.62,0
0.0172,72,0.000388,18165,25.33,-73.3,118.91,0
0.023874,52,0.000375,12304,25.03,-67.7,167.38,0
0.014182,87,0.000298,19511,25.27,-68.4,173.74,0
0.015669,92,0.000358,20836,29.39,-70.1,142.11,0
0.010461,140,0.000249,33177,30.6,-70.5,156.79,0
0.027382,52,0.000372,10909,28.71,-67.7,122.91,0
0.010537,155,0.000224,36522,34.18,-72.6,107.43,0
0.010409,158,0.000136,30934,34.28,-74.5,135.49,0
0.02222,56,0.000378,10820,25.28,-69.2,124.94,0
0.021061,59,0.000352,12500,25.45,-72.9,125.54,0
0.010098,162,0.00011,37088,34.62,-74.9,103.93,0
0.016232,101,0.000238,20120,33.44,-74.2,138.67,0
0.015873,78,0.000211,17967,25.44,-73.4,135.94,0
0.026598,47,0.000453,9516,26.1,-72.9,109.87,0
0.012455,131,0.000186,21368,34.27,-63,257.94,0
0.011789,104,0.000179,22192,25.4,-70.9,101.94,0
0.019347,64,0.00041,13344,26.03,-70.8,132.61,0
0.008845,139,0.000134,29368,25.67,-74.3,124.73,0
0.02037,61,0.000367,13031,25.32,-73.6,127.35,0
0.014864,83,0.000249,19214,25.21,-73.6,130.84,0
0.013338,108,0.000176,19402,29.6,-74,153.27,0
0.018731,77,0.000423,17262,30,-71.8,114.8,0
0.015062,113,0.000295,21750,35.23,-69,203.02,0
0.014728,94,0.000314,13665,28.55,-62.2,199.48,0
0.012905,95,0.000172,17912,25.1,-67.6,208.01,0
0.015048,101,0.000324,20863,32.25,-67.1,146.64,0
0.008912,175,0.000159,33855,32.99,-67.1,101.14,0
0.033837,49,0.000477,11331,34.3,-70.7,60.26,0
0.027759,45,0.000504,10623,25.6,-74.8,83.87,0
0.012256,101,0.000291,24409,25.9,-73.8,92.48,0
0.022125,65,0.000333,13690,29.19,-73,147.43,0
0.024029,54,0.000353,11451,26.41,-74.8,102.46,0
0.02353,51,0.0004,11725,24.4,-73.7,131.7,0
0.016581,75,0.00035,17354,26,-73.7,126.44,0
0.022121,56,0.000305,13491,25.19,-72.9,140.3,0
0.015618,99,0.0003,23710,32.21,-70.5,79.2,0
0.023469,57,0.000384,11909,27.68,-74.4,79.64,0
0.020347,71,0.000435,15287,30.39,-74.6,88.57,0
0.017204,84,0.000402,18147,30.21,-69.4,85.71,0
0.016099,90,0.000362,16091,30.31,-75.5,128.11,0
0.02099,90,0.000368,17518,39.35,-69.4,174.16,0
0.021518,79,0.000475,16191,35.19,-76.5,99.59,0
0.014266,108,0.000294,27541,32.27,-71.3,82.68,0
0.019449,74,0.000272,14144,29.68,-74.1,108.79,0
0.014904,97,0.000302,21158,30.06,-70.6,82.94,0
0.012613,115,0.000314,25050,30.76,-74.6,92.8,0
0.01314,139,0.000269,24631,37.71,-76.3,96.8,0
0.013163,126,0.000262,26524,34.67,-75.8,95.49,0
0.012556,130,0.000412,29595,35.22,-72.2,94.06,0
0.018451,69,0.000245,14243,25.9,-73.9,106.75,0
0.010891,129,0.000135,27220,29.43,-77.4,150.46,0
0.00586,281,0.000414,11836,35.13,-46.6,12.93,1
0.00134,1220,0.000002,39869,42.9,-48.2,3.84,1
0.020039,72,0.001186,7277,29.16,-46.7,33.28,1
0.04184,30,0.001891,5878,24.56,-46.5,51.05,1
0.029714,42,0.001551,8022,24.77,-52.2,162.79,1
0.056147,30,0.002253,5814,32.97,-48.8,87.83,1
0.04298,34,0.002059,5171,28.68,-41.3,148.25,1
0.055628,34,0.00218,5694,37.06,-46.6,136.54,1
0.03846,38,0.001745,8358,28.9,-53.1,101.73,1
0.002946,556,0.000136,20111,37.5,-50,11.28,1
0.001487,960,0.000013,31562,37.05,-49.3,2.9,1
0.035568,41,0.001814,10307,29.02,-50,180.07,1
0.0349,42,0.001858,7858,28.95,-49.6,186.72,1
0.046444,28,0.002206,5235,25.33,-46,97.61,1
0.051495,32,0.001551,5289,32.34,-45.3,117.26,1
0.05811,29,0.002104,5784,32.84,-49.1,85.96,1
0.042011,35,0.001348,5213,28.9,-45.2,235.51,1
0.062664,27,0.001856,4954,32.91,-52,212.11,1
0.026766,54,0.001275,8697,28.89,-57.7,299.37,1
0.049536,38,0.001925,6207,37.11,-47.5,168.51,1
0.064702,23,0.001895,4220,29.05,-44.6,73.02,1
0.046367,36,0.002184,5996,32.83,-45.7,117.66,1
0.02591,48,0.001411,7018,24.89,-52.5,206.75,1
0.047893,35,0.001967,6220,32.95,-45.1,122.28,1
0.061855,24,0.001753,4246,28.68,-41.2,83.81,1
0.041948,40,0.001966,6999,33.78,-48.4,159.14,1
0.061641,24,0.002115,4414,28.66,-45,108.29,1
0.05277,28,0.002081,4714,28.8,-46.2,145.15,1
0.0527,28,0.002011,5122,28.76,-46.3,113.78,1
0.031934,52,0.001608,6195,33.01,-40.7,229.98,1
0.04456,33,0.002051,6466,29.05,-50.3,72.14,1
0.053443,28,0.001943,5260,29.2,-49.1,112.28,1
0.039272,42,0.001387,6709,32.94,-47.6,156.09,1
0.060762,21,0.002109,4206,24.5,-52.9,20.03,1
0.049083,30,0.001902,5138,28.91,-48.6,117.1,1
0.061653,24,0.00197,4694,28.58,-49.3,71.87,1
0.04199,35,0.001705,5249,28.93,-45.2,99.78,1
0.074903,20,0.001677,4126,28.64,-50.2,34.26,1
0.035714,41,0.001565,6920,29.07,-52.9,273.48,1
0.044501,33,0.001925,5377,28.88,-46.2,131.32,1
0.029511,56,0.001893,12924,32.83,-54.3,128.97,1
0.055605,23,0.001963,3838,24.69,-44.1,138.46,1
0.048101,35,0.00202,5782,32.94,-44.3,147.86,1
0.047441,31,0.001938,5027,28.83,-44.3,166.79,1
0.031272,40,0.001515,7097,24.88,-43.2,90.18,1
0.040644,31,0.002198,5092,24.7,-45.3,158.99,1
0.050867,29,0.002091,4873,28.89,-44.8,79.96,1
0.063188,30,0.002101,5470,37.05,-49.1,65.22,1
0.055393,23,0.002068,3842,24.93,-46.3,152.14,1
0.040664,36,0.002119,7368,28.8,-49.2,121.13,1
0.03596,35,0.001389,5970,24.79,-46.5,178.53,1
0.062643,27,0.00177,5084,33.04,-45.5,56.77,1
0.050626,25,0.001994,4398,24.58,-46.7,76.6,1
0.045337,37,0.001845,5943,33.05,-44.9,112.15,1
0.073107,26,0.001924,6693,36.91,-51.7,50.12,1
0.052721,28,0.001923,4822,28.96,-45.6,175.59,1
0.052375,32,0.001787,5281,32.95,-42.8,124.98,1
0.040671,36,0.001662,5940,29.02,-49.3,174.67,1
0.061635,24,0.001954,4626,28.69,-52.8,46.31,1
0.037023,45,0.001869,8182,33.11,-52.1,231.04,1
0.045109,37,0.001913,5795,32.79,-46.3,236.06,1
0.067957,22,0.002029,4190,28.76,-45.5,74.25,1
0.040766,31,0.001875,5944,25.01,-50.3,129.87,1
0.031265,53,0.0016,8761,33.97,-50.8,320.3,1
0.039601,42,0.001866,8636,32.84,-48.6,102.71,1
0.053046,28,0.001754,4873,29.28,-44.8,164.93,1
0.046393,36,0.001849,6289,32.74,-44.1,96.94,1
0.058253,29,0.002097,7287,32.98,-47.3,50.42,1
0.064716,23,0.002287,4280,28.84,-47.5,100.6,1
0.043187,34,0.001585,5801,28.95,-48.6,180.01,1
0.031509,46,0.001474,8154,28.81,-48.5,130.34,1
0.047474,27,0.001763,4935,25.03,-47.5,161.43,1
0.049957,25,0.001516,4156,24.26,-43.2,133.65,1
0.049786,30,0.00162,5099,29.33,-44.6,122.1,1
0.053992,27,0.002094,5232,28.5,-48.3,77.56,1
0.048561,26,0.002304,4083,24.62,-43.9,156.69,1
0.049111,30,0.001325,5084,28.76,-46.4,103.63,1
0.037189,45,0.001437,6277,33.17,-43.7,193.42,1
0.050871,33,0.002141,6362,33.21,-47.8,83.99,1
0.026433,55,0.001131,9555,29.09,-53.2,272.98,1
0.047898,35,0.002116,5893,33.06,-44.8,139.7,1
0.070943,21,0.001925,4522,28.73,-51.7,1.56,1
0.067562,22,0.002015,4186,28.73,-47.5,93.52,1
0.049418,38,0.002079,6261,36.91,-43.7,122.26,1
0.064152,20,0.001841,3752,24.74,-43.1,75.99,1
0.025373,49,0.001439,10364,24.82,-42.7,2.61,1
0.067853,28,0.001999,5580,36.98,-44.1,53.77,1
0.031823,46,0.001541,7560,29.09,-40.4,124.33,1
0.037329,39,0.001816,7666,28.94,-39.9,53.7,1
0.000409,13579,0.000001,1205033,59.62,-41,23.22,1
0.000416,19449,0.000001,1742053,83.57,-42.6,33.3,1
0.000419,12009,0.000001,1070577,51.74,-42.8,37.28,1
0.00042,19677,0.000001,1757516,85.37,-42.8,37.66,1
0.000428,11758,0.000001,1051756,52.13,-42.6,41,1
0.00042,11987,0.000001,1070998,51.69,-42.5,38.49,1
0.000441,19786,0.000001,1762118,89.9,-42.3,37.06,1
0.000428,19492,0.000001,1742005,85.43,-42.9,44.32,1
0.000424,18589,0.000001,1658402,80.4,-42.7,40.13,1
0.000533,13183,0.000005,1202625,79.22,-44.4,38.43,1
0.068825,30,0.001934,6170,40.23,-43.1,72.49,1
0.051884,29,0.002068,4805,29.33,-39.8,98.25,1
0.035837,40,0.001677,6418,28.37,-43.2,198.84,1
0.067835,25,0.001836,4658,32.92,-41.5,64.25,1
0.03387,43,0.001732,7739,28.92,-51.9,345.68,1
0.036665,40,0.001789,6140,29.17,-43.9,236.62,1
0.060125,22,0.001781,3948,25.4,-40.6,34.24,1
0.02561,47,0.001311,5986,24.02,-38.5,94.29,1
0.035791,35,0.001646,4919,24.82,-39.8,88.08,1
0.005885,242,0.000302,26013,30.61,-38.4,21.96,1
0.00193,600,0.000003,62621,29.25,-41.5,34.62,1
0.001666,744,0.000002,75632,31.94,-42.9,41.36,1
0.001757,638,0.000003,65708,28.75,-44,33.21,1
0.001736,655,0.000002,66494,29.02,-43.8,36.64,1
0.001702,658,0.000002,67295,28.71,-44.1,34.12,1
0.00166,607,0.000001,61484,26.33,-43.8,35.91,1
0.001755,601,0.000004,61100,26.81,-43.7,32.7,1
0.001711,2247,0.000003,228396,99.83,-43.8,36.61,1
0.001688,591,0.000001,60009,25.56,-43.5,40.71,1
0.001646,762,0.000002,76882,32.21,-44.5,46.54,1
0.001689,653,0.000002,65926,28.33,-44.3,44.53,1
0.001711,659,0.000002,66925,28.92,-44.2,39.27,1
0.001776,638,0.000003,65593,28.84,-44.3,36.19,1
0.001655,680,0.000001,70819,29.33,-45.2,55.16,1
0.001768,731,0.000004,74072,33.53,-45.4,56.65,1
0.001629,675,0.000001,68391,28.78,-45.7,58.12,1
0.001729,579,0.000002,58452,25.93,-45.7,61.93,1
0.001789,592,0.000003,60828,27.24,-44.1,65.51,1
0.001817,706,0.000004,72577,32.7,-42.4,29.11,1
0.001795,562,0.000003,57456,25.45,-42.6,37.92,1
0.001671,736,0.000002,75022,31.87,-42.2,26.23,1
0.001664,670,0.000001,68535,28.83,-42.4,31.94,1
0.001694,663,0.000002,67898,29.19,-42.7,49.29,1
0.001755,820,0.000002,84488,36.9,-44.3,57.26,1
0.001781,630,0.000002,65994,28.81,-44.8,55.61,1
0.001754,819,0.000002,85273,36.67,-45.1,71.02,1
0.001702,751,0.000002,77956,33.04,-45.3,74.9,1
0.001792,558,0.000002,57771,25.47,-44.6,53.36,1
0.001694,643,0.000002,66350,28.04,-44.6,58,1
0.001727,660,0.000002,68412,29.17,-44.9,66.61,1
0.001646,675,0.000002,69158,28.25,-43.5,78.37,1
0.001711,742,0.000002,76569,32.73,-46,109.52,1
0.001814,704,0.000002,73323,32.57,-45,54.94,1
0.001795,712,0.000002,73824,32.33,-45.7,75.07,1
0.001738,736,0.000003,76088,32.85,-45.8,73.73,1
0.001711,585,0.000001,60557,25.35,-45.6,81.73,1
0.001765,630,0.000002,65005,28.69,-45.5,68.08,1
0.001792,704,0.000002,73071,32.09,-45.8,71.55,1
0.001733,640,0.000002,65715,28.3,-45.5,60.38,1
0.001751,655,0.000002,68745,29.39,-42.5,47.36,1
0.001747,639,0.000003,65189,28.41,-42.4,44.19,1
0.00172,636,0.000002,64968,28.32,-43.2,34.07,1
0.001756,728,0.000003,75330,33.33,-42.9,35.84,1
0.001767,727,0.000003,73955,32.71,-42.6,28.92,1
0.001852,540,0.000003,55138,25.31,-42.4,25.22,1
0.001692,649,0.000001,66399,28.31,-42.8,37.66,1
0.00177,625,0.000003,63657,28.67,-42.8,25.76,1
0.001772,741,0.000003,75555,33.57,-42.2,22.3,1
0.001785,608,0.000003,62425,27.72,-43.3,46.92,1
0.001674,598,0.000001,61679,25.63,-43.7,51.94,1
0.001741,715,0.000002,73870,31.92,-43.3,24.78,1
0.00177,632,0.000002,64731,28.51,-42.7,23.39,1
0.01144,139,0.000692,15855,33.15,-41.5,24.12,1
0.050732,33,0.001975,5699,32.91,-41.4,15.87,1
0.059235,25,0.001816,4969,28.73,-49.8,306,1
0.032427,45,0.001255,7344,28.94,-49.5,420.47,1
0.018138,70,0.000547,11277,25.73,-51.3,526.42,1
0.026961,45,0.001059,6933,24.26,-45,371.8,1
0.007021,197,0.000378,21750,29.27,-41.8,76.95,1
0.001871,594,0.000001,61277,27.96,-43.3,51.07,1
0.00196,566,0.000003,58393,28.12,-44.6,55.6,1
0.002,550,0.000003,58552,27.75,-44.3,50.02,1
0.001947,593,0.000003,61010,29.21,-44.4,50.67,1
0.001919,675,0.000002,69698,32.42,-44.3,57.75,1
0.001806,593,0.000003,64794,27.11,-43.8,62.24,1
0.001896,602,0.000003,63732,28.35,-44.6,77.03,1
0.002003,576,0.000005,59287,29.23,-44.1,44.99,1
0.001941,658,0.000004,69524,32.39,-42.7,54.78,1
0.001898,659,0.000002,68899,31.39,-43.3,77.06,1
0.001886,625,0.000003,64418,29.59,-41.9,53.06,1
0.001926,583,0.000003,59557,28.27,-42.5,55.25,1
0.001849,578,0.000001,59307,26.87,-42.7,50.47,1
0.001984,639,0.000003,65741,31.89,-43.5,54.92,1
0.001936,598,0.000003,62209,28.93,-42.2,43,1
0.001921,521,0.000003,53851,25.26,-42.2,47.62,1
0.001935,623,0.000004,63860,30.28,-41.6,26.81,1
0.00203,550,0.000005,56500,27.71,-42.1,27.6,1
0.001908,606,0.000002,62055,29.01,-42.6,34.78,1
0.001939,644,0.000003,66532,31.32,-42.1,42.24,1
0.001974,650,0.000003,66529,32.19,-42.9,26.56,1
0.001935,599,0.000003,62287,29.35,-43.2,33.71,1
0.001833,595,0.000002,59882,27.64,-42.6,41.35,1
0.001852,589,0.000002,61147,27.54,-43.5,37.09,1
0.001855,608,0.000001,62643,28.88,-43.3,38.38,1
0.001932,662,0.000003,67713,31.99,-43,30.57,1
0.001965,509,0.000003,52605,24.43,-42.7,30.72,1
0.001945,990,0.000002,101359,48.19,-41.9,23.17,1
0.001915,576,0.000002,58852,27.54,-41.6,18.12,1
0.001897,578,0.000002,58930,27.56,-41.8,19.8,1
0.002242,607,0.000032,62359,33.33,-41.7,20.69,1
0.03367,37,0.001213,6328,24.73,-49.2,397.21,1
0.047424,31,0.001619,6205,28.9,-59.4,634.1,1
0.036361,40,0.001772,7043,28.94,-51.2,294.94,1
0.03454,48,0.001205,8535,33.04,-56.5,644.33,1
